,customer_id,date,revenue
0,1,2025-04-13,511.3517345251248
1,2,2025-12-15,566.2130674521047
2,3,2025-09-28,451.35672339476395
3,3,2025-10-28,520.759826128572
4,3,2025-11-27,588.4990467186666
5,4,2025-04-17,453.5470251355032
6,5,2025-03-13,536.2013911942471
7,5,2025-04-12,558.1314134035724
8,6,2025-07-08,554.7097381170038
9,6,2025-08-07,479.78073475661057
10,6,2025-09-06,478.23187967727796
11,7,2025-01-21,609.8776851987191
12,7,2025-02-20,320.7954899864785
13,7,2025-05-21,455.32264882100924
14,7,2025-07-20,620.4922921778574
15,7,2025-08-19,380.3339530786478
16,8,2025-04-13,417.77796044335685
17,8,2025-05-13,524.3687211491913
18,8,2025-10-10,524.4966571108723
19,8,2025-11-09,449.30568246288703
20,9,2025-05-02,615.4354338408924
21,9,2025-06-01,452.2618269424679
22,9,2025-07-31,433.57725566955776
23,10,2025-08-03,636.0111366248171
24,10,2025-10-02,431.76573988798464
25,10,2025-12-01,495.1804514464187
26,11,2025-11-27,549.2686483800405
27,11,2025-12-27,508.8873006131744
28,12,2025-03-29,547.3627387727564
29,12,2025-04-28,505.43505779385714
30,12,2025-06-27,727.5761297567203
31,12,2025-10-25,540.6226685049928
32,13,2025-04-10,424.0867338446302
33,13,2025-05-10,515.0393786476208
34,13,2025-06-09,534.175597577716
35,13,2025-07-09,687.6170839215886
36,13,2025-08-08,595.042383818605
37,13,2025-09-07,442.3096344337597
38,14,2025-12-26,617.9440120721287
39,15,2025-06-01,453.08243478952954
40,15,2025-08-30,500.5243699718183
41,15,2025-11-28,504.6980593764742
42,15,2025-12-28,454.9934528520756
43,16,2025-05-11,562.2849932347499
44,16,2025-06-10,617.9297184063827
45,16,2025-09-08,506.7518481410109
46,16,2025-10-08,706.0747924881987
47,17,2025-05-30,675.5340842443204
48,17,2025-09-27,326.91268962344327
49,17,2025-10-27,644.4338791981811
50,18,2025-11-05,498.5281741365063
51,18,2025-12-05,579.6405429696326
52,19,2025-09-15,536.6598246096848
53,19,2025-10-15,406.0120213672645
54,19,2025-11-14,448.61330826633065
55,19,2025-12-14,394.0786478111048
56,20,2025-12-10,418.45009267115114
57,21,2025-10-21,444.0974506766143
58,21,2025-11-20,505.7474003024297
59,22,2025-07-11,271.7197509959202
60,22,2025-08-10,585.135426460051
61,23,2025-10-04,437.9636277464448
62,23,2025-11-03,437.3475817311456
63,23,2025-12-03,280.7869943758021
64,24,2025-06-10,652.3787410193809
65,24,2025-11-07,254.32529431365208
66,25,2025-11-10,435.34271157574733
67,25,2025-12-10,391.84519963856053
68,26,2025-01-22,360.1432426180859
69,26,2025-02-21,556.296923669057
70,26,2025-03-23,434.9357430878173
71,26,2025-04-22,451.2874616235304
72,27,2025-09-10,539.0253268983142
73,27,2025-10-10,491.50911675041675
74,27,2025-11-09,523.7324384759743
75,28,2025-08-24,527.3577403138628
76,28,2025-09-23,433.7376241054153
77,29,2025-12-11,557.0598668593159
78,30,2025-02-18,439.80313211036156
79,30,2025-03-20,576.0251094635361
80,30,2025-04-19,610.6329104828443
81,30,2025-05-19,577.1638149301336
82,31,2025-02-28,533.7602662075202
83,31,2025-05-29,458.8123033877533
84,31,2025-09-26,451.23937759275066
85,31,2025-10-26,456.7441812180379
86,32,2025-06-19,605.1593040671667
87,32,2025-08-18,415.64550377545294
88,32,2025-09-17,341.9748063256473
89,32,2025-10-17,501.6053418643931
90,33,2025-07-07,596.592200795959
91,33,2025-08-06,508.20548711527977
92,33,2025-09-05,451.2604976078852
93,33,2025-10-05,540.3820558679306
94,33,2025-11-04,390.860956270653
95,33,2025-12-04,418.2998560739106
96,34,2025-09-28,628.6974963849594
97,34,2025-12-27,455.53624417543597
98,35,2025-07-09,394.16145971529477
99,35,2025-08-08,448.70856250285846
100,36,2025-06-24,548.1009231736713
101,36,2025-07-24,522.3884024279131
102,36,2025-09-22,420.9525544554688
103,36,2025-10-22,547.1468357135996
104,36,2025-11-21,688.2024496475034
105,36,2025-12-21,634.5420046154977
106,37,2025-02-20,585.2246489030268
107,37,2025-04-21,267.92626260218697
108,37,2025-10-18,477.0120428553613
109,37,2025-11-17,562.814001348067
110,37,2025-12-17,627.0125546575715
111,38,2025-12-30,418.15257829576086
112,39,2025-02-24,398.28078294546094
113,39,2025-03-26,551.6669308648122
114,39,2025-06-24,420.0889429174735
115,40,2025-09-01,483.5464341950304
116,40,2025-10-01,496.7246729784002
117,40,2025-11-30,445.6575228866235
118,40,2025-12-30,428.7154217322836
119,41,2025-11-16,510.64302276918966
120,41,2025-12-16,528.9842264168468
121,42,2025-05-11,474.5178731627635
122,42,2025-06-10,447.5479733720226
123,42,2025-09-08,548.9374561227918
124,42,2025-10-08,377.7872191108055
125,42,2025-11-07,571.2998430172388
126,43,2025-11-03,463.903383418092
127,43,2025-12-03,615.9329803364249
128,44,2025-05-15,532.6133022242118
129,44,2025-06-14,374.8886423614697
130,44,2025-07-14,592.4027019206901
131,45,2025-01-21,481.50978635570107
132,45,2025-02-20,511.422764866204
133,45,2025-03-22,515.0301761461877
134,45,2025-04-21,463.63877877861444
135,46,2025-11-25,494.30543762789324
136,46,2025-12-25,501.8433933065393
137,47,2025-06-16,534.7581705361671
138,47,2025-08-15,337.0407014023673
139,48,2025-10-01,555.1863655309501
140,48,2025-10-31,666.5474444462577
141,48,2025-11-30,601.437006501813
142,48,2025-12-30,315.9125768668355
143,49,2025-03-30,372.0423033264299
144,49,2025-05-29,356.5635032841154
145,50,2025-11-12,558.1022009865985
146,50,2025-12-12,405.06011111680573
147,51,2025-01-14,763.2382064837391
148,51,2025-02-13,344.2047682323332
149,51,2025-03-15,459.9618639816682
150,51,2025-04-14,549.9737620112111
151,51,2025-05-14,553.2595109370551
152,52,2025-08-30,517.7701000933254
153,52,2025-10-29,366.46556412898985
154,52,2025-11-28,538.0197851005963
155,52,2025-12-28,561.0585745283823
156,53,2025-09-22,542.9618219132586
157,53,2025-12-21,520.7687687163111
158,54,2025-12-12,544.6639731517085
159,55,2025-02-22,478.67276240342085
160,55,2025-03-24,603.1844539468635
161,55,2025-04-23,351.44396269630283
162,55,2025-05-23,526.7050265869259
163,55,2025-09-20,588.9630795623438
164,55,2025-10-20,508.2283989275424
165,55,2025-11-19,606.5480375065351
166,55,2025-12-19,448.2711549899628
167,56,2025-12-06,640.9347440185579
168,57,2025-04-02,399.5859233247932
169,57,2025-05-02,423.2202434895872
170,58,2025-09-21,496.5315112613219
171,59,2025-02-04,523.421473253652
172,59,2025-03-06,343.0039662342657
173,59,2025-04-05,507.39629640735683
174,59,2025-05-05,448.2466349091776
175,59,2025-06-04,440.1075603440664
176,60,2025-07-25,579.5906504847474
177,60,2025-11-22,604.85309385076
178,60,2025-12-22,534.3618589535217
179,61,2025-03-22,462.34473489777344
180,61,2025-04-21,463.74649749006375
181,61,2025-05-21,558.380037615629
182,62,2025-02-19,151.9191171239916
183,62,2025-03-21,412.97767578564884
184,62,2025-04-20,620.5628077952837
185,62,2025-05-20,534.3135051016874
186,62,2025-08-18,632.3874803787213
187,62,2025-09-17,386.8183857867304
188,62,2025-10-17,336.06037323359436
189,63,2025-12-26,546.254855264754
190,64,2025-01-02,431.0459678919634
191,64,2025-02-01,549.4955517561525
192,64,2025-03-03,541.8252554786001
193,65,2025-02-23,540.0412029238437
194,65,2025-03-25,502.4642098428584
195,66,2025-04-16,508.995614812679
196,66,2025-05-16,481.3627605636908
197,66,2025-07-15,459.5334176692954
198,66,2025-10-13,463.70427210312926
199,66,2025-11-12,517.4639269367829
200,67,2025-09-17,536.7102266788067
201,67,2025-10-17,447.4194612687043
202,67,2025-11-16,486.8961593001004
203,67,2025-12-16,296.4759759374496
204,68,2025-11-06,564.8636334720961
205,68,2025-12-06,598.7308899256625
206,69,2025-07-10,477.75872215444343
207,69,2025-08-09,385.3041371266561
208,70,2025-08-06,507.4206213800155
209,70,2025-09-05,477.0597397269648
210,70,2025-11-04,595.0502755282625
211,70,2025-12-04,465.7024171697371
212,71,2025-02-13,432.360769794073
213,71,2025-05-14,680.0940432910816
214,71,2025-06-13,495.9842049355657
215,71,2025-07-13,356.9224897881952
216,71,2025-08-12,512.8104414910789
217,71,2025-09-11,431.89483425251194
218,72,2025-06-11,537.2131391093161
219,72,2025-07-11,547.8872163931836
220,72,2025-08-10,497.58230229018704
221,72,2025-09-09,442.8995280360427
222,73,2025-07-21,740.2026281835456
223,73,2025-08-20,497.73969105551805
224,74,2025-09-27,473.0813868318611
225,74,2025-10-27,491.3861554516636
226,74,2025-11-26,482.0988032882515
227,75,2025-12-17,426.8122914369783
228,76,2025-10-31,681.1980124134872
229,76,2025-12-30,535.7925728691769
230,77,2025-09-28,540.1343627024789
231,77,2025-10-28,718.2507024177087
232,77,2025-11-27,463.047838317777
233,77,2025-12-27,520.4549396090746
234,78,2025-08-03,552.2835488035499
235,78,2025-10-02,442.6299996061421
236,79,2025-09-09,449.7744283805876
237,79,2025-12-08,521.1594970380394
238,80,2025-07-09,609.1046102164668
239,81,2025-10-23,488.9266570919304
240,81,2025-11-22,343.81931386045284
241,81,2025-12-22,700.1737102530135
242,82,2025-08-01,540.1625505491473
243,82,2025-08-31,431.4389718918192
244,82,2025-09-30,532.3800127605946
245,82,2025-10-30,470.851002100651
246,82,2025-11-29,334.9508789962238
247,82,2025-12-29,494.95771482785125
248,83,2025-07-27,453.2298798688109
249,83,2025-08-26,534.6503881730716
250,83,2025-10-25,495.3079421120816
251,83,2025-11-24,547.7040827223121
252,83,2025-12-24,507.68218910602553
253,84,2025-08-25,371.70077758114303
254,84,2025-10-24,584.7079009985034
255,84,2025-11-23,622.250091488688
256,84,2025-12-23,621.4509285305348
257,85,2025-12-04,491.0477389752094
258,86,2025-02-22,486.90840272302506
259,86,2025-03-24,396.5045135467867
260,87,2025-10-07,591.6327674702482
261,87,2025-11-06,534.6488475897993
262,87,2025-12-06,599.8010109859653
263,88,2025-08-05,210.3744621806311
264,88,2025-09-04,527.6569152594927
265,88,2025-11-03,434.92864626549107
266,89,2025-09-09,596.296552911413
267,89,2025-10-09,530.7620755451052
268,89,2025-11-08,455.1079172390204
269,89,2025-12-08,506.74985358750087
270,90,2025-07-07,600.5142573278018
271,90,2025-08-06,474.761995653555
272,90,2025-11-04,534.0600019099859
273,90,2025-12-04,643.5181549190052
274,91,2025-02-10,400.86076505436927
275,91,2025-04-11,284.6609886396285
276,91,2025-06-10,436.10382523104977
277,91,2025-08-09,367.69102065925017
278,91,2025-09-08,664.2015160136369
279,91,2025-10-08,600.9817089342635
280,92,2025-06-06,638.4272818510518
281,92,2025-07-06,556.3909120052359
282,92,2025-08-05,559.4754341665285
283,92,2025-09-04,585.3415558780308
284,92,2025-10-04,575.8928589786765
285,93,2025-01-15,528.1191423969376
286,93,2025-02-14,330.70431858046146
287,93,2025-03-16,490.166037320525
288,94,2025-10-28,439.6676434778288
289,94,2025-11-27,341.3188284404911
290,94,2025-12-27,486.57318966424896
291,95,2025-03-06,484.077612190329
292,95,2025-04-05,547.1961333246609
293,95,2025-05-05,513.9215408644903
294,95,2025-10-02,620.6153395670592
295,96,2025-12-11,538.3971552546863
296,97,2025-11-23,470.5050321707972
297,97,2025-12-23,624.7742072673734
298,98,2025-01-09,563.3776880932098
299,98,2025-02-08,541.3799097451498
300,98,2025-03-10,481.4712341122292
301,99,2025-12-10,487.0179300266574
302,100,2025-05-09,556.8983079185275
303,100,2025-06-08,662.8396623128538
304,100,2025-08-07,462.0872259012513
305,100,2025-09-06,479.64196398976384
306,101,2025-05-16,503.4083468259226
307,101,2025-06-15,423.0026768941358
308,101,2025-07-15,523.3785911790748
309,102,2025-03-04,344.4104353796373
310,102,2025-08-31,516.9360824036078
311,102,2025-09-30,358.628550309502
312,102,2025-10-30,488.87739386513
313,102,2025-11-29,409.609235853521
314,103,2025-05-19,519.2049116490032
315,103,2025-06-18,469.0883535797499
316,103,2025-07-18,513.3540904782283
317,103,2025-08-17,484.7530163619456
318,103,2025-09-16,570.810867668859
319,103,2025-10-16,595.6702316794584
320,104,2025-03-22,421.40105394920505
321,105,2025-06-12,366.8767046442222
322,105,2025-07-12,538.8578604530965
323,105,2025-08-11,749.299951743279
324,106,2025-10-16,526.7392314071903
325,106,2025-11-15,532.1697806196014
326,106,2025-12-15,433.1909546356951
327,107,2025-09-18,599.2042349536523
328,107,2025-10-18,502.81811573691283
329,108,2025-08-19,499.08810033557967
330,108,2025-10-18,462.82870967070994
331,108,2025-11-17,400.76867339639057
332,108,2025-12-17,550.77576703115
333,109,2025-02-10,505.3988418445793
334,109,2025-03-12,431.1333245037057
335,109,2025-04-11,493.73430437975554
336,109,2025-07-10,443.6350972573657
337,110,2025-01-28,458.90688437008157
338,110,2025-02-27,501.5686713795602
339,111,2025-05-15,427.1268318625597
340,111,2025-07-14,442.34895992732805
341,111,2025-08-13,240.895770785509
342,111,2025-09-12,445.37555517475175
343,111,2025-10-12,539.1804005402546
344,111,2025-11-11,352.10884312258713
345,111,2025-12-11,518.3359919779156
346,112,2025-07-20,498.4690150827004
347,113,2025-11-24,557.9291499601088
348,113,2025-12-24,380.6940045089764
349,114,2025-09-25,495.9911487343447
350,114,2025-10-25,614.2326454538352
351,114,2025-11-24,387.9177634479613
352,114,2025-12-24,340.0863513552987
353,115,2025-02-02,459.3276916953416
354,115,2025-03-04,641.0568005005159
355,116,2025-02-17,621.4479133907347
356,116,2025-03-19,463.46784486878914
357,116,2025-07-17,518.4680305864908
358,116,2025-08-16,365.2873710470303
359,117,2025-03-03,402.8385961489348
360,117,2025-04-02,560.7131100783619
361,117,2025-07-31,631.1158886318105
362,117,2025-08-30,374.7410987634504
363,118,2025-08-04,449.7537513089383
364,118,2025-09-03,505.70131248970847
365,118,2025-10-03,526.8592278863257
366,118,2025-11-02,652.8468426412531
367,119,2025-10-20,550.7835756289624
368,119,2025-11-19,326.22702449487076
369,119,2025-12-19,305.2116486678837
370,120,2025-04-09,475.13088738164527
371,120,2025-07-08,660.7345576019993
372,120,2025-08-07,549.0974951638251
373,120,2025-09-06,573.4877786049817
374,121,2025-06-21,581.2689425643996
375,121,2025-08-20,557.791051379151
376,121,2025-09-19,503.04788502656646
377,121,2025-10-19,350.80638535286255
378,122,2025-12-26,575.3341621104532
379,123,2025-08-02,538.1158384882777
380,123,2025-09-01,441.9476550195277
381,123,2025-11-30,558.8578404420609
382,123,2025-12-30,666.9904504351406
383,124,2025-02-04,539.4671529822981
384,124,2025-03-06,421.510168691776
385,124,2025-04-05,564.8280433843859
386,125,2025-08-15,558.9056947405868
387,125,2025-09-14,533.8720502869635
388,125,2025-10-14,330.11508001963546
389,125,2025-11-13,645.7195759956246
390,126,2025-04-11,444.81418541075533
391,126,2025-05-11,755.8199285668252
392,126,2025-07-10,443.57524013426115
393,127,2025-05-11,518.4551303197037
394,127,2025-06-10,222.64371370865518
395,127,2025-07-10,580.0936639629463
396,127,2025-08-09,456.82042113597936
397,127,2025-09-08,411.39575456683264
398,127,2025-10-08,415.67393957062575
399,127,2025-11-07,486.4757104367969
400,128,2025-09-14,462.7793223928947
401,128,2025-11-13,608.8748619704186
402,128,2025-12-13,688.4586305934608
403,129,2025-01-05,654.324352827219
404,129,2025-02-04,310.4035158692711
405,129,2025-04-05,517.0298362162395
406,130,2025-08-06,497.2485094949364
407,130,2025-09-05,677.2251596669744
408,130,2025-10-05,666.125921454787
409,130,2025-11-04,454.2903743413728
410,130,2025-12-04,439.77879396382195
411,131,2025-09-12,546.8774256075023
412,131,2025-10-12,412.2017413243439
413,131,2025-11-11,417.311964596014
414,131,2025-12-11,477.3521108098473
415,132,2025-12-25,536.7365506816178
416,133,2025-10-10,257.5759739727058
417,134,2025-07-26,588.404539636105
418,134,2025-11-23,588.4606789862693
419,134,2025-12-23,408.0819861279283
420,135,2025-01-15,470.4458759853451
421,135,2025-02-14,515.2315513576624
422,135,2025-06-14,537.9482057165508
423,135,2025-07-14,681.1504812593516
424,136,2025-12-12,543.6559804157667
425,137,2025-02-11,590.3934841086195
426,137,2025-04-12,532.307927311603
427,137,2025-05-12,474.76464978737124
428,137,2025-06-11,470.8188731084456
429,137,2025-07-11,343.6809191303343
430,138,2025-06-28,603.8388755734611
431,138,2025-07-28,550.5424093216699
432,138,2025-11-25,630.9472896350712
433,139,2025-03-04,443.18576701656656
434,139,2025-04-03,466.5224667893459
435,139,2025-05-03,459.6351536758003
436,139,2025-06-02,404.4877420650647
437,140,2025-12-18,542.3599065593461
438,141,2025-08-19,679.2922591330873
439,141,2025-09-18,522.3955278089735
440,141,2025-10-18,419.4628172949656
441,141,2025-11-17,559.6442339560671
442,141,2025-12-17,527.0974538846193
443,142,2025-08-29,530.4192919553421
444,142,2025-09-28,554.5817174562015
445,142,2025-10-28,416.01191034892645
446,142,2025-11-27,443.4715223600918
447,142,2025-12-27,458.92913408975835
448,143,2025-02-21,459.7933255483329
449,143,2025-04-22,552.4264677643168
450,143,2025-07-21,449.0804759514536
451,143,2025-08-20,577.7531240814944
452,143,2025-09-19,637.5866173183956
453,144,2025-04-06,601.2546001053837
454,144,2025-05-06,527.2697793529935
455,144,2025-06-05,565.0381788721269
456,145,2025-08-10,481.24658799451265
457,145,2025-09-09,405.74346085569346
458,145,2025-10-09,477.81390962046936
459,146,2025-08-19,542.1684468264444
460,146,2025-10-18,536.7287313401341
461,146,2025-11-17,683.8183676795122
462,146,2025-12-17,477.6534017628148
463,147,2025-08-25,465.06832038818027
464,148,2025-05-23,489.55507814625287
465,148,2025-06-22,483.1178276809989
466,148,2025-07-22,507.0052163113181
467,148,2025-08-21,616.187830260819
468,149,2025-06-20,229.6767707000763
469,149,2025-07-20,567.7875319530908
470,149,2025-08-19,434.5924316872576
471,150,2025-01-29,316.9367103143543
472,150,2025-02-28,489.44699479976924
473,150,2025-04-29,481.5643349282904
474,150,2025-05-29,456.0411288968226
475,150,2025-06-28,279.22490836174313
476,150,2025-07-28,477.98053729920423
477,150,2025-08-27,293.21452735640077
478,151,2025-02-05,608.4479583073071
479,151,2025-03-07,442.2469906492446
480,151,2025-04-06,548.014613622237
481,152,2025-01-13,773.0867233223568
482,152,2025-02-12,583.1349267063255
483,152,2025-03-14,481.8521670420804
484,152,2025-04-13,577.2021562003423
485,153,2025-06-09,653.132374457947
486,153,2025-07-09,416.7706116881827
487,153,2025-08-08,279.0848380911299
488,153,2025-09-07,411.18521042726235
489,153,2025-12-06,469.3118851312627
490,154,2025-11-23,516.8654671966727
491,154,2025-12-23,544.1940649569409
492,155,2025-07-06,385.6273792679338
493,155,2025-12-03,510.85597057765233
494,156,2025-08-31,487.1462488561069
495,157,2025-03-27,311.8150954502361
496,157,2025-04-26,626.5707840864701
497,158,2025-10-11,413.3825151785499
498,158,2025-12-10,552.8068367746234
499,159,2025-03-07,548.8691952709219
500,159,2025-07-05,504.95785204847067
501,159,2025-08-04,483.8655788348206
502,159,2025-09-03,358.7331581828973
503,159,2025-10-03,621.3316409185642
504,159,2025-11-02,484.9394080563157
505,160,2025-06-19,428.6246143729349
506,160,2025-08-18,554.62842480037
507,160,2025-10-17,500.64222698109376
508,160,2025-12-16,456.36141094734313
509,161,2025-02-14,489.0390196074169
510,162,2025-03-03,556.0919447941238
511,162,2025-04-02,470.45196819708394
512,163,2025-05-14,552.895793639252
513,163,2025-06-13,296.10387229945843
514,163,2025-07-13,518.3300212104994
515,164,2025-10-11,381.9707060410106
516,164,2025-11-10,373.8545166344891
517,164,2025-12-10,413.4960773651007
518,165,2025-01-28,764.4343347017035
519,165,2025-02-27,349.7029671604847
520,165,2025-03-29,525.3739661494574
521,165,2025-04-28,546.7693171765433
522,165,2025-05-28,608.5786324939347
523,166,2025-04-18,509.79831534708956
524,166,2025-05-18,537.7100393902186
525,166,2025-08-16,497.0737186315022
526,167,2025-02-13,555.5604466003449
527,167,2025-04-14,508.9580681255249
528,167,2025-05-14,480.2661579692674
529,167,2025-06-13,484.87267163464884
530,167,2025-07-13,480.5091719647319
531,168,2025-12-06,613.3770096867065
532,169,2025-10-13,422.7122332176391
533,169,2025-11-12,540.7052287124535
534,169,2025-12-12,402.8343265458714
535,170,2025-11-27,362.03818352110693
536,170,2025-12-27,446.43866615745884
537,171,2025-05-08,585.6617104625677
538,172,2025-12-14,535.1448207541583
539,173,2025-08-19,607.0150238316428
540,173,2025-09-18,432.48217250256187
541,174,2025-07-09,485.54813292844824
542,174,2025-09-07,503.0190787210155
543,175,2025-08-13,560.860744235674
544,175,2025-11-11,483.86356269904695
545,176,2025-10-10,429.04277070467754
546,176,2025-12-09,472.16088291890213
547,177,2025-05-01,563.3361314843653
548,177,2025-05-31,389.4646682447208
549,177,2025-06-30,578.218260795576
550,177,2025-12-27,584.3372622157059
551,178,2025-04-26,555.9449075995037
552,178,2025-05-26,447.59116020654074
553,178,2025-07-25,515.2354872033721
554,178,2025-08-24,417.75800676177994
555,179,2025-08-21,612.1030667324471
556,180,2025-09-16,467.21052834870824
557,181,2025-12-25,515.5190683858979
558,182,2025-07-17,526.2561329001925
559,182,2025-08-16,519.3589911367544
560,182,2025-10-15,585.0897962167973
561,183,2025-05-17,486.26282116006035
562,183,2025-06-16,642.274813609994
563,183,2025-07-16,592.6215402241593
564,184,2025-11-14,596.539748459117
565,185,2025-06-14,623.6130721806218
566,185,2025-07-14,355.85179383902226
567,185,2025-08-13,479.05474343509246
568,185,2025-09-12,359.5435742930358
569,185,2025-10-12,358.3502364920532
570,185,2025-11-11,623.5121821948528
571,186,2025-08-13,467.99080190556094
572,186,2025-09-12,627.4591875293515
573,186,2025-11-11,581.0062304052691
574,186,2025-12-11,607.5175935668458
575,187,2025-11-03,363.12954564403316
576,187,2025-12-03,504.09191753957214
577,188,2025-08-22,399.78125442185274
578,188,2025-09-21,477.14000846599816
579,188,2025-10-21,400.56506253914876
580,189,2025-06-21,543.8475738809727
581,189,2025-07-21,501.96166576939896
582,189,2025-08-20,567.286123596682
583,189,2025-09-19,559.1814133741378
584,189,2025-10-19,464.5959289058976
585,190,2025-06-01,442.6398227103099
586,191,2025-11-11,567.0219897277339
587,191,2025-12-11,567.6966387339537
588,192,2025-06-09,553.7090833061144
589,192,2025-07-09,505.1626376711208
590,192,2025-08-08,479.42724091720265
591,192,2025-11-06,434.99833313295466
592,193,2025-04-06,539.3269223470222
593,193,2025-05-06,641.299475562683
594,194,2025-08-21,598.7334516589102
595,194,2025-09-20,492.4048976357477
596,194,2025-10-20,468.0152476745156
597,194,2025-11-19,515.175799224874
598,195,2025-06-29,339.23389728819416
599,195,2025-07-29,518.4740578895725
600,196,2025-04-23,479.9250836447136
601,196,2025-06-22,376.7857670185167
602,196,2025-09-20,544.7861747751793
603,197,2025-11-14,537.1094051313922
604,197,2025-12-14,340.18756481162524
605,198,2025-02-21,546.2172666081943
606,198,2025-04-22,680.4348109786742
607,198,2025-05-22,480.90962082727015
608,199,2025-09-25,374.95922660302824
609,199,2025-12-24,560.4515326355366
610,200,2025-10-22,420.3829295306255
611,200,2025-11-21,533.8993685309247
612,200,2025-12-21,424.2007777481326
613,201,2025-04-23,343.36502670359073
614,201,2025-05-23,524.7511916576204
615,201,2025-06-22,515.0405438176164
616,202,2025-04-11,347.3729003277788
617,202,2025-05-11,503.25755774085616
618,202,2025-07-10,521.3903868201481
619,202,2025-08-09,481.05863290184504
620,202,2025-10-08,345.9752367968923
621,203,2025-04-23,698.3386234851712
622,203,2025-05-23,444.92788043044885
623,203,2025-06-22,397.37803612549726
624,203,2025-07-22,463.37684606817385
625,203,2025-08-21,544.3880230217436
626,204,2025-03-22,626.5629535585631
627,204,2025-04-21,463.1204063322165
628,205,2025-07-06,569.0236800380272
629,205,2025-08-05,244.16316167428977
630,205,2025-09-04,426.848659610367
631,205,2025-11-03,397.6804488681706
632,205,2025-12-03,397.00653290942535
633,206,2025-04-23,425.09685290449045
634,207,2025-01-02,508.5318142565024
635,207,2025-02-01,419.1734278359074
636,207,2025-05-02,416.95555934434344
637,207,2025-06-01,552.2514105265758
638,207,2025-07-01,541.8398220888683
639,207,2025-07-31,640.159859294643
640,208,2025-05-10,605.1947617722918
641,208,2025-06-09,400.1939372685587
642,209,2025-08-08,467.93323744428085
643,209,2025-09-07,679.5211355912322
644,209,2025-10-07,523.0070759191402
645,210,2025-02-23,549.7743089091394
646,210,2025-03-25,569.5537757565778
647,210,2025-04-24,584.9102110743144
648,210,2025-05-24,470.60330523358175
649,210,2025-06-23,492.8400748141933
650,211,2025-12-09,493.9711008608388
651,212,2025-08-12,545.4795169642381
652,212,2025-11-10,284.6657080128756
653,212,2025-12-10,609.7152711753696
654,213,2025-08-13,568.3569323200478
655,213,2025-09-12,363.4044288799466
656,213,2025-10-12,621.19439853864
657,214,2025-05-06,526.1250531233856
658,214,2025-06-05,322.376476710168
659,215,2025-05-10,540.8652811480671
660,215,2025-06-09,484.4101822063333
661,215,2025-07-09,445.1712703509399
662,215,2025-08-08,516.0018225852788
663,216,2025-02-22,550.1782736167545
664,216,2025-03-24,534.3787881549886
665,216,2025-04-23,495.1347648429549
666,216,2025-05-23,503.27969954115866
667,217,2025-06-21,424.1504665299931
668,217,2025-07-21,491.6562030209639
669,217,2025-08-20,355.035478030147
670,218,2025-08-06,519.7327262595211
671,218,2025-09-05,418.7272043081568
672,218,2025-10-05,649.8582572011868
673,218,2025-11-04,624.7756834076215
674,219,2025-06-09,618.9911397241168
675,219,2025-07-09,601.3675740543863
676,220,2025-07-17,478.5089644849922
677,220,2025-09-15,527.6793449325288
678,220,2025-10-15,666.4317098124635
679,220,2025-11-14,572.4723857894259
680,221,2025-09-04,489.02304961838576
681,221,2025-10-04,549.7485257305658
682,221,2025-11-03,461.46166724747843
683,222,2025-11-20,542.0452477247559
684,222,2025-12-20,531.6540326608632
685,223,2025-07-22,518.9660877063421
686,223,2025-08-21,449.7025229448657
687,223,2025-09-20,526.348721533106
688,224,2025-07-03,493.28217099506446
689,224,2025-08-02,428.4240010889248
690,224,2025-09-01,568.205206571262
691,224,2025-10-01,648.7246155335927
692,225,2025-05-03,481.4959277339196
693,225,2025-08-31,438.04443249783156
694,225,2025-09-30,515.3831916078257
695,225,2025-10-30,576.6467368111596
696,226,2025-09-12,583.0709850496089
697,226,2025-11-11,398.2676092202595
698,226,2025-12-11,338.4633548723274
699,227,2025-10-21,296.4469157182127
700,227,2025-11-20,430.9613373861324
701,227,2025-12-20,500.40930076754563
702,228,2025-10-07,430.07617827148727
703,228,2025-11-06,450.7641926006487
704,228,2025-12-06,554.2704397976725
705,229,2025-11-21,396.11402102131194
706,229,2025-12-21,794.9094425308725
707,230,2025-04-08,624.4679580736787
708,230,2025-06-07,517.5211418908513
709,230,2025-07-07,798.525900260341
710,230,2025-08-06,536.7481665474304
711,230,2025-09-05,468.6470313827602
712,231,2025-07-17,511.2104946824517
713,231,2025-08-16,674.4639173258681
714,231,2025-10-15,471.8980352728414
715,231,2025-11-14,542.4966116247546
716,231,2025-12-14,422.03437195392905
717,232,2025-08-28,471.21069935587053
718,232,2025-09-27,511.25507150082285
719,232,2025-10-27,544.5035864116189
720,232,2025-11-26,290.7892770374776
721,233,2025-05-24,641.2834056769892
722,233,2025-06-23,410.4653677636976
723,233,2025-10-21,459.18991608397795
724,233,2025-11-20,400.4184605209771
725,233,2025-12-20,565.1136241823657
726,234,2025-04-07,624.4498076021058
727,234,2025-05-07,513.2020922617558
728,234,2025-07-06,536.1442036947325
729,234,2025-08-05,533.8346666921591
730,235,2025-07-20,495.7176618688425
731,235,2025-09-18,505.8022734808395
732,235,2025-10-18,584.8430882205284
733,235,2025-11-17,275.31106660153944
734,235,2025-12-17,439.3299705234703
735,236,2025-05-04,521.1283692279472
736,236,2025-06-03,479.10458447759856
737,236,2025-07-03,711.0135582085622
738,236,2025-08-02,526.8533986464809
739,236,2025-09-01,651.300926600399
740,236,2025-10-01,639.6596891581264
741,237,2025-07-06,541.4647985104783
742,237,2025-08-05,529.6575545140762
743,237,2025-10-04,546.3184795267584
744,237,2025-11-03,519.7292265631206
745,238,2025-11-22,531.1308673442885
746,238,2025-12-22,415.23660713809153
747,239,2025-12-15,434.79111114069394
748,240,2025-09-16,434.2165446147863
749,240,2025-10-16,585.4525227066615
750,240,2025-11-15,390.8066099604687
751,240,2025-12-15,589.0247500836508
752,241,2025-05-28,405.0575673274236
753,241,2025-06-27,643.4734979664344
754,241,2025-08-26,453.99237458665016
755,241,2025-09-25,493.3612382410028
756,241,2025-10-25,466.7362681649041
757,242,2025-09-09,549.1542120877309
758,242,2025-10-09,567.0740945950204
759,243,2025-12-12,470.77402380982306
760,244,2025-05-27,379.8696650232166
761,244,2025-06-26,569.1881144855088
762,244,2025-07-26,633.4903247843445
763,244,2025-08-25,562.9749878398675
764,244,2025-09-24,607.1411301887491
765,244,2025-10-24,702.0049106929647
766,244,2025-11-23,596.6760462608946
767,245,2025-05-28,533.0573392625436
768,245,2025-06-27,562.5508016831036
769,245,2025-07-27,588.5231482988991
770,245,2025-08-26,440.76440443479464
771,245,2025-09-25,512.3547695955582
772,245,2025-10-25,695.4157433750286
773,245,2025-11-24,449.4253295738063
774,246,2025-12-18,611.2946530207203
775,247,2025-07-18,607.7651309529143
776,247,2025-08-17,460.2295886093082
777,247,2025-09-16,681.994885054967
778,248,2025-11-04,584.6518091727338
779,248,2025-12-04,549.9766438496023
780,249,2025-05-08,419.25645985303856
781,249,2025-06-07,485.09948006361344
782,249,2025-11-04,593.1571268681065
783,249,2025-12-04,526.1266684131899
784,250,2025-02-08,448.35703561124285
785,250,2025-03-10,480.3533416571903
786,250,2025-06-08,479.414056911966
787,250,2025-07-08,425.3421653459761
788,250,2025-08-07,482.3225836884218
789,250,2025-09-06,345.13817011362534
790,251,2025-12-04,329.77867339199884
791,252,2025-12-26,453.7184313660489
792,253,2025-05-09,496.85608296252235
793,253,2025-07-08,415.1571365809185
794,253,2025-08-07,557.31278132412
795,253,2025-10-06,321.4133508065889
796,254,2025-09-24,491.94002507032394
797,254,2025-10-24,416.6943942999241
798,254,2025-11-23,591.5390275560162
799,254,2025-12-23,445.04597254044654
800,255,2025-05-31,472.1116605849243
801,255,2025-06-30,584.5157971184321
802,256,2025-10-25,472.68776475930883
803,256,2025-12-24,605.443165497326
804,257,2025-04-09,647.6934426118274
805,257,2025-06-08,383.2220448732065
806,257,2025-07-08,521.6775563762629
807,257,2025-08-07,390.2697472367156
808,258,2025-09-20,506.7493681247275
809,258,2025-11-19,544.5086471353402
810,258,2025-12-19,464.99815454088593
811,259,2025-09-09,400.3950213998226
812,259,2025-12-08,389.77078501635765
813,260,2025-05-24,568.1359510442948
814,260,2025-06-23,428.545299152913
815,260,2025-07-23,473.8294932321773
816,261,2025-12-12,434.3804045111557
817,262,2025-04-22,426.71071142727743
818,262,2025-05-22,440.0633506159681
819,262,2025-12-18,388.99964281140734
820,263,2025-03-01,443.0167071761241
821,263,2025-03-31,532.950873557301
822,263,2025-04-30,348.2826303328321
823,263,2025-06-29,575.0579167521765
824,263,2025-07-29,458.3805595114746
825,263,2025-10-27,386.9930660959642
826,264,2025-01-02,509.80675395389443
827,264,2025-02-01,629.5871781863015
828,264,2025-07-01,428.11676123912696
829,264,2025-07-31,574.5005312877281
830,265,2025-10-31,488.37709568780417
831,265,2025-11-30,521.4713183170527
832,266,2025-09-11,587.6046792529794
833,266,2025-11-10,647.2670675750982
834,266,2025-12-10,439.60193740307705
835,267,2025-05-20,477.04513446396527
836,267,2025-07-19,390.4599096990763
837,267,2025-10-17,529.8391846566304
838,268,2025-02-06,329.2615517456013
839,268,2025-09-04,344.6416456585193
840,268,2025-10-04,472.9840007617336
841,268,2025-11-03,559.3926734422645
842,268,2025-12-03,389.55887224884157
843,269,2025-06-09,592.3970458584404
844,269,2025-07-09,522.9314128434647
845,270,2025-01-09,671.2667712838569
846,270,2025-02-08,512.2843438540198
847,270,2025-03-10,399.1335998833172
848,271,2025-08-21,487.7291066404276
849,271,2025-09-20,509.3372374276651
850,271,2025-10-20,386.97962753260765
851,271,2025-11-19,741.1676675578422
852,271,2025-12-19,651.6394055253572
853,272,2025-04-09,560.2118320392483
854,273,2025-05-27,456.9285299539709
855,273,2025-06-26,485.3940114952833
856,273,2025-07-26,512.9500451008099
857,274,2025-10-31,469.83661164647395
858,274,2025-11-30,490.63638112608294
859,274,2025-12-30,632.579664754219
860,275,2025-07-27,620.0261749738829
861,275,2025-08-26,453.6838637914601
862,275,2025-09-25,458.85733928839977
863,275,2025-10-25,615.3900734255748
864,276,2025-05-11,505.89842215895976
865,276,2025-06-10,544.6872500802698
866,276,2025-08-09,465.7450799142235
867,276,2025-09-08,517.0463770996571
868,277,2025-06-01,478.35477772285526
869,277,2025-07-31,436.97135559348584
870,278,2025-02-23,490.66131411000515
871,278,2025-03-25,447.0667887551629
872,278,2025-04-24,348.55296908192327
873,278,2025-08-22,532.1593211339239
874,278,2025-09-21,675.4933071647241
875,278,2025-10-21,501.84016307834383
876,279,2025-04-30,476.7870681451546
877,279,2025-05-30,616.4614990310356
878,279,2025-06-29,573.2234507132654
879,279,2025-07-29,478.6607781392851
880,279,2025-08-28,565.4676617482313
881,279,2025-09-27,452.67349531669515
882,279,2025-10-27,735.0205800005722
883,279,2025-11-26,233.56676789255528
884,280,2025-06-10,604.1724664058852
885,280,2025-07-10,558.3544303011888
886,280,2025-08-09,487.04827531365595
887,280,2025-09-08,557.9857285295133
888,281,2025-04-26,275.18571132078364
889,281,2025-05-26,626.1318101850046
890,281,2025-07-25,467.21764736573033
891,281,2025-08-24,466.1506035707703
892,282,2025-03-16,462.63379217358295
893,282,2025-04-15,449.2728589406188
894,282,2025-05-15,440.60968279796975
895,282,2025-08-13,489.3778506157989
896,283,2025-04-23,464.12340639048534
897,284,2025-04-14,491.8477173180651
898,284,2025-05-14,509.6828177409517
899,285,2025-12-06,449.6153247175123
900,286,2025-09-11,563.5661596750961
901,286,2025-12-10,445.1250866585181
902,287,2025-08-15,209.30117806783585
903,287,2025-10-14,462.5177943378194
904,287,2025-11-13,396.14561791560277
905,288,2025-04-22,336.8724184539054
906,288,2025-06-21,419.36373028636984
907,288,2025-07-21,365.44165998950336
908,289,2025-04-09,368.2868080053415
909,289,2025-05-09,577.6027913843475
910,289,2025-07-08,399.77829810732754
911,290,2025-06-02,424.7564762646965
912,290,2025-07-02,560.5223701018256
913,290,2025-08-01,611.5433297381135
914,290,2025-12-29,605.2791556902714
915,291,2025-12-15,522.3748319574306
916,292,2025-12-04,592.8045071005693
917,293,2025-07-13,554.2828351270676
918,293,2025-08-12,422.7340554729176
919,293,2025-09-11,583.019181186261
920,294,2025-11-06,454.68941320192874
921,294,2025-12-06,589.4723514647137
922,295,2025-06-12,528.3751023661501
923,295,2025-08-11,401.2126659099251
924,295,2025-10-10,415.3149033874636
925,295,2025-11-09,624.9618905296667
926,295,2025-12-09,577.9349003905332
927,296,2025-07-27,496.0980480622456
928,296,2025-08-26,392.91475813155614
929,296,2025-09-25,691.1419087139723
930,297,2025-06-18,333.1400741121805
931,297,2025-08-17,605.8728529883879
932,297,2025-09-16,482.71982626035356
933,298,2025-06-10,577.1920154836675
934,298,2025-07-10,411.8931663338708
935,298,2025-08-09,428.7779236350949
936,299,2025-03-09,423.9810551037914
937,299,2025-04-08,528.7133354122985
938,299,2025-08-06,653.5148720007548
939,299,2025-09-05,434.304482360159
940,300,2025-10-16,502.48575037512694
941,300,2025-11-15,469.95451311822484
942,300,2025-12-15,560.8407753799227
943,301,2025-10-04,776.5979614439267
944,301,2025-11-03,361.1091828970892
945,302,2025-10-31,440.4896561352276
946,302,2025-11-30,496.8487675576977
947,303,2025-05-15,527.4741902746345
948,303,2025-06-14,610.0821398422605
949,303,2025-08-13,606.1370964873133
950,303,2025-09-12,553.2006198821944
951,303,2025-10-12,536.1661061247016
952,303,2025-11-11,676.1188124867374
953,303,2025-12-11,499.9686327388225
954,304,2025-07-14,494.60951509942606
955,304,2025-08-13,401.76964196226857
956,304,2025-11-11,612.1857856230471
957,305,2025-05-08,732.0040722017259
958,305,2025-06-07,345.1039474946525
959,306,2025-02-02,525.7975981221181
960,306,2025-03-04,591.3771621385586
961,306,2025-04-03,345.42702133092666
962,307,2025-06-25,397.36307923341076
963,307,2025-11-22,623.000057271915
964,307,2025-12-22,403.5294574249285
965,308,2025-01-22,662.8468554772321
966,308,2025-02-21,407.2215890939239
967,308,2025-05-22,476.06231484910853
968,308,2025-06-21,478.6670200690731
969,308,2025-07-21,595.9956674433745
970,309,2025-08-26,744.4582752582506
971,309,2025-12-24,445.7717662237336
972,310,2025-06-07,716.5056067806602
973,310,2025-07-07,619.0548594343596
974,310,2025-09-05,521.2574030632215
975,310,2025-10-05,602.6986263319732
976,311,2025-02-07,477.8311420000933
977,311,2025-04-08,385.06283897841274
978,311,2025-05-08,424.3676575371426
979,311,2025-06-07,517.255019180419
980,312,2025-08-18,555.9577061510468
981,312,2025-09-17,418.6469650633764
982,312,2025-10-17,489.86217437358
983,312,2025-11-16,450.7227271757063
984,312,2025-12-16,763.3537940031605
985,313,2025-02-20,553.1744883125659
986,313,2025-03-22,370.73746528477375
987,313,2025-05-21,446.78314368728104
988,313,2025-06-20,439.26455667877883
989,313,2025-10-18,492.27789547769544
990,313,2025-11-17,542.5843658629828
991,314,2025-09-21,541.8205755887972
992,314,2025-10-21,727.2434720446881
993,314,2025-11-20,588.9037122279892
994,314,2025-12-20,557.3744421004413
995,315,2025-10-10,372.3695583461664
996,315,2025-11-09,569.5402474550299
997,315,2025-12-09,385.89914902472617
998,316,2025-01-27,452.2354417395995
999,316,2025-02-26,374.4864628026605
1000,317,2025-08-14,608.8769654216673
1001,317,2025-09-13,462.3699275075004
1002,318,2025-10-04,515.6693728246524
1003,318,2025-11-03,602.3530644185345
1004,318,2025-12-03,517.5286778933923
1005,319,2025-10-13,366.32745611240694
1006,319,2025-12-12,336.2395082543328
1007,320,2025-04-07,511.96002626671043
1008,320,2025-05-07,511.0389639107697
1009,320,2025-06-06,550.7420927833289
1010,320,2025-07-06,408.4075272737573
1011,320,2025-08-05,613.4294793888213
1012,321,2025-10-11,359.5998703618902
1013,321,2025-11-10,764.5036790415159
1014,321,2025-12-10,410.2508436832791
1015,322,2025-11-13,368.78175224722173
1016,322,2025-12-13,440.2576634856772
1017,323,2025-10-31,607.7901739453325
1018,323,2025-11-30,278.995721070982
1019,323,2025-12-30,610.4070609282049
1020,324,2025-05-27,636.8098481763813
1021,324,2025-06-26,383.12589715068736
1022,324,2025-07-26,237.29346431918339
1023,324,2025-08-25,447.85989081812477
1024,325,2025-01-04,620.4674439993704
1025,325,2025-02-03,437.59012876742895
1026,325,2025-04-04,337.8605843877831
1027,325,2025-06-03,543.3749220886345
1028,326,2025-02-04,488.68719474842595
1029,326,2025-03-06,370.07836365541755
1030,326,2025-07-04,523.2786742940164
1031,326,2025-11-01,424.32360229840737
1032,326,2025-12-01,281.00782950214466
1033,326,2025-12-31,619.4592220513731
1034,327,2025-07-11,532.0785725932684
1035,327,2025-08-10,519.4051943605874
1036,327,2025-09-09,372.9938911287968
1037,327,2025-10-09,528.6955854301709
1038,328,2025-02-18,351.0853582100872
1039,328,2025-03-20,509.4124267789276
1040,328,2025-07-18,428.0993332318596
1041,329,2025-01-17,343.69105018395857
1042,329,2025-02-16,489.26452092859836
1043,330,2025-06-21,599.9419032677911
1044,330,2025-07-21,500.0186664634973
1045,330,2025-08-20,615.0607550593069
1046,330,2025-09-19,386.7336246440352
1047,330,2025-10-19,575.9178502705261
1048,330,2025-11-18,579.179641280347
1049,330,2025-12-18,578.5812009296809
1050,331,2025-08-08,569.2855755817811
1051,331,2025-09-07,573.4637545459329
1052,331,2025-11-06,401.41961913321734
1053,332,2025-06-07,471.58449020712027
1054,332,2025-07-07,559.6441137581753
1055,332,2025-10-05,436.5714152310597
1056,332,2025-11-04,476.4030012789028
1057,332,2025-12-04,574.4185710315035
1058,333,2025-02-15,443.5018088967924
1059,333,2025-03-17,542.3212374457017
1060,333,2025-04-16,533.1485262021758
1061,333,2025-05-16,514.1765858961079
1062,333,2025-06-15,386.56036172935103
1063,333,2025-07-15,622.9774224521937
1064,334,2025-01-06,540.1918955173923
1065,334,2025-04-06,427.8036672874871
1066,334,2025-05-06,584.5526099885211
1067,334,2025-06-05,615.1219640785614
1068,335,2025-04-09,509.11008666061224
1069,335,2025-06-08,680.6534671459333
1070,335,2025-07-08,413.98073045775016
1071,336,2025-08-21,729.4768591547785
1072,336,2025-09-20,477.90577384952394
1073,336,2025-10-20,407.18573617209495
1074,336,2025-11-19,507.27246274032876
1075,336,2025-12-19,518.7295549823218
1076,337,2025-02-06,502.38950969863
1077,337,2025-03-08,473.5828990084666
1078,337,2025-06-06,493.9082167229217
1079,338,2025-10-07,522.1477697675916
1080,338,2025-11-06,481.8550930752483
1081,338,2025-12-06,489.3662997468685
1082,339,2025-12-15,400.45963969752523
1083,340,2025-10-29,682.7261504957014
1084,340,2025-11-28,579.3175688218678
1085,340,2025-12-28,487.7942867878723
1086,341,2025-06-30,428.53193230095684
1087,341,2025-07-30,552.1279905013814
1088,342,2025-04-05,503.390078412546
1089,342,2025-06-04,395.81524545594715
1090,343,2025-04-09,625.2842634427484
1091,343,2025-06-08,455.1775383699851
1092,343,2025-07-08,430.7749670734104
1093,343,2025-08-07,303.10768575839165
1094,343,2025-09-06,510.34381293081066
1095,344,2025-07-07,704.2076040143744
1096,344,2025-08-06,524.8273932911446
1097,344,2025-09-05,337.4400633340548
1098,345,2025-04-26,523.5388260548012
1099,345,2025-05-26,367.42062286457525
1100,345,2025-06-25,434.09932417676663
1101,345,2025-10-23,333.55232646667775
1102,345,2025-11-22,592.0011460005396
1103,346,2025-07-10,469.86368795598145
1104,346,2025-08-09,407.9417105994121
1105,346,2025-09-08,450.75096091663346
1106,346,2025-10-08,461.52044658269347
1107,347,2025-09-10,528.8632150898379
1108,347,2025-10-10,558.6165800392783
1109,347,2025-11-09,458.758618178352
1110,348,2025-06-10,400.6641300418049
1111,348,2025-07-10,398.4121173010022
1112,348,2025-08-09,361.1457446168789
1113,349,2025-09-13,339.97288954962903
1114,349,2025-10-13,400.6137325165147
1115,349,2025-11-12,542.0191542894992
1116,349,2025-12-12,414.3501762590801
1117,350,2025-11-19,509.76703767483355
1118,350,2025-12-19,486.58443579077357
1119,351,2025-05-08,541.2109161020286
1120,352,2025-01-18,375.0604796940472
1121,352,2025-03-19,389.20169579570927
1122,352,2025-04-18,359.8091932283762
1123,352,2025-05-18,632.0184197198417
1124,353,2025-10-08,597.888955855678
1125,353,2025-11-07,362.8256870736494
1126,353,2025-12-07,660.8780855734374
1127,354,2025-08-11,582.8229690184622
1128,354,2025-09-10,389.0047162963751
1129,354,2025-10-10,614.706137784043
1130,354,2025-11-09,514.2809392442583
1131,355,2025-02-23,442.22494918458233
1132,355,2025-03-25,393.8706468288518
1133,355,2025-04-24,495.45350238709955
1134,356,2025-02-27,632.596997047509
1135,356,2025-03-29,434.71915158301965
1136,356,2025-04-28,538.1244266478072
1137,357,2025-11-19,486.40727101442326
1138,357,2025-12-19,574.3901676880294
1139,358,2025-12-26,416.7294781394547
1140,359,2025-06-23,466.73428194368273
1141,359,2025-07-23,609.3697640691441
1142,359,2025-08-22,487.5572676893581
1143,359,2025-09-21,443.09726377248063
1144,359,2025-10-21,444.5662032686669
1145,359,2025-11-20,693.9988391476335
1146,360,2025-10-07,600.9471788595969
1147,360,2025-11-06,415.5058561406504
1148,360,2025-12-06,350.09840395415983
1149,361,2025-04-24,490.8155235665045
1150,361,2025-05-24,518.1513331507555
1151,361,2025-06-23,621.4973511292237
1152,361,2025-07-23,547.3934099211351
1153,361,2025-08-22,427.93739424092325
1154,361,2025-09-21,651.8718352716794
1155,361,2025-10-21,565.839251192249
1156,361,2025-11-20,313.9552000075693
1157,362,2025-10-15,586.4243614734227
1158,362,2025-11-14,600.8004004293259
1159,363,2025-12-08,445.0395415335166
1160,364,2025-05-31,563.0148776427861
1161,364,2025-06-30,312.32812693172633
1162,364,2025-12-27,541.0532014409251
1163,365,2025-05-07,588.028507898378
1164,365,2025-07-06,645.8025275564326
1165,365,2025-08-05,350.38008459239984
1166,365,2025-09-04,507.6983141407154
1167,365,2025-10-04,512.4072725719493
1168,365,2025-11-03,372.5507117500977
1169,366,2025-06-04,537.9550304612229
1170,366,2025-07-04,544.3523738462414
1171,366,2025-09-02,329.7871293461612
1172,366,2025-10-02,555.0787735116763
1173,366,2025-11-01,480.5323337642003
1174,366,2025-12-01,500.4601087097139
1175,367,2025-09-30,581.9888153981797
1176,367,2025-10-30,664.3378155804534
1177,367,2025-12-29,536.0647891435794
1178,368,2025-04-14,363.31416367191736
1179,368,2025-05-14,559.256727384733
1180,369,2025-10-26,502.2630852676869
1181,369,2025-12-25,359.44369461437134
1182,370,2025-09-03,492.09326581354435
1183,370,2025-10-03,442.08758903642536
1184,371,2025-06-25,421.88436218688855
1185,371,2025-07-25,474.0199859232487
1186,371,2025-09-23,659.8538112096342
1187,371,2025-11-22,580.212845861812
1188,372,2025-02-08,587.362850207453
1189,372,2025-03-10,496.95972334695017
1190,372,2025-04-09,592.6866885751958
1191,372,2025-06-08,720.422896929564
1192,373,2025-06-19,546.0271624982304
1193,373,2025-07-19,519.4842340270138
1194,373,2025-08-18,398.03046802911433
1195,373,2025-12-16,520.6361771325451
1196,374,2025-09-04,381.0767534922871
1197,374,2025-10-04,605.3985771182877
1198,374,2025-11-03,557.2006278300473
1199,374,2025-12-03,429.5271564389116
1200,375,2025-01-26,470.9962560393628
1201,375,2025-02-25,463.8367476382841
1202,375,2025-03-27,459.2618632618189
1203,375,2025-05-26,647.1393548348804
1204,376,2025-12-21,631.1167497802625
1205,377,2025-11-02,477.56810291218954
1206,377,2025-12-02,482.018336861996
1207,378,2025-01-13,516.1781912601258
1208,378,2025-05-13,635.107289241314
1209,378,2025-08-11,588.6191188584796
1210,378,2025-09-10,493.7360422672765
1211,378,2025-10-10,524.3123458512894
1212,378,2025-11-09,470.5757494363542
1213,378,2025-12-09,635.6583385827983
1214,379,2025-11-12,655.8789184496894
1215,379,2025-12-12,346.9538590256623
1216,380,2025-11-09,454.5205282622307
1217,380,2025-12-09,396.0193468973116
1218,381,2025-02-05,668.434851612498
1219,381,2025-04-06,600.0021715092822
1220,382,2025-06-22,525.6221836081978
1221,382,2025-07-22,548.3439891930038
1222,382,2025-08-21,633.802540262885
1223,382,2025-09-20,536.8738059276931
1224,382,2025-10-20,486.9262933286762
1225,383,2025-01-20,610.4941922230971
1226,383,2025-02-19,473.1354246690257
1227,383,2025-03-21,316.3640216229603
1228,383,2025-04-20,456.72261164116117
1229,383,2025-05-20,579.3818467143816
1230,384,2025-11-17,345.71967817571004
1231,384,2025-12-17,483.93688804745057
1232,385,2025-09-21,681.3407698515423
1233,385,2025-10-21,465.7121138442436
1234,385,2025-11-20,527.8348634644669
1235,385,2025-12-20,449.07866374008654
1236,386,2025-05-22,539.5798848709748
1237,386,2025-07-21,526.3550811954785
1238,386,2025-11-18,628.4095793948118
1239,387,2025-05-23,257.36079294647914
1240,387,2025-06-22,335.31361417071537
1241,387,2025-07-22,560.4592344702505
1242,387,2025-08-21,432.41860289666806
1243,387,2025-09-20,342.84219213208223
1244,388,2025-04-02,329.5131398269384
1245,388,2025-05-02,507.3932787030502
1246,388,2025-06-01,441.9231893249539
1247,389,2025-12-20,474.1919290135949
1248,390,2025-11-18,685.6647436561955
1249,390,2025-12-18,451.82340289065246
1250,391,2025-10-15,751.1539596870143
1251,391,2025-11-14,495.9449384417765
1252,391,2025-12-14,524.4210902546752
1253,392,2025-08-03,347.8870048305421
1254,392,2025-09-02,315.81022270421425
1255,392,2025-10-02,589.2067599731721
1256,392,2025-11-01,441.01076822443923
1257,392,2025-12-01,569.8688813517043
1258,392,2025-12-31,502.5210867540082
1259,393,2025-12-08,345.688177205713
1260,394,2025-02-20,575.9514887486108
1261,394,2025-07-20,470.82413677414627
1262,394,2025-08-19,494.01738564700963
1263,394,2025-09-18,549.3560204334292
1264,394,2025-10-18,529.0897057590006
1265,394,2025-11-17,300.44682195482613
1266,395,2025-06-02,297.82013600380526
1267,395,2025-07-02,489.8719281298467
1268,395,2025-08-01,440.1562419418953
1269,395,2025-08-31,403.34121090146846
1270,396,2025-07-05,650.9131013404551
1271,396,2025-10-03,560.5606232631313
1272,396,2025-12-02,550.8608373233442
1273,397,2025-03-04,456.96906800453576
1274,398,2025-07-09,620.6608154863915
1275,398,2025-08-08,347.2832143410352
1276,398,2025-09-07,394.4910631823305
1277,399,2025-05-05,512.6267736234068
1278,399,2025-07-04,480.30781920031103
1279,399,2025-08-03,453.54189218843817
1280,400,2025-05-30,423.7480760853402
1281,400,2025-06-29,603.630289207248
1282,400,2025-07-29,440.44650648161405
1283,400,2025-09-27,590.0533077331592
1284,400,2025-10-27,669.9435983008709
1285,400,2025-11-26,459.8204973058366
1286,401,2025-11-10,479.95253908421216
1287,401,2025-12-10,323.298963499445
1288,402,2025-02-27,540.4212865277332
1289,402,2025-03-29,571.587274469096
1290,402,2025-05-28,522.7034478864889
1291,402,2025-06-27,467.593182479103
1292,402,2025-07-27,559.1442151751855
1293,402,2025-08-26,568.0220360476691
1294,403,2025-12-08,671.8407072648462
1295,404,2025-11-01,250.76568720699353
1296,405,2025-06-29,540.3436862871291
1297,405,2025-07-29,422.828877981946
1298,406,2025-06-19,542.5594253462797
1299,406,2025-10-17,610.8042858383234
1300,406,2025-11-16,459.3757551130472
1301,407,2025-11-22,438.3169122877729
1302,407,2025-12-22,360.2847693451848
1303,408,2025-09-28,622.2065274196185
1304,408,2025-10-28,548.7305237044994
1305,408,2025-11-27,607.1929865211797
1306,408,2025-12-27,412.0717217588012
1307,409,2025-02-23,534.859511986098
1308,409,2025-06-23,464.91505699235256
1309,409,2025-07-23,278.1652239948919
1310,409,2025-08-22,636.9701107654184
1311,409,2025-09-21,391.3945417881914
1312,410,2025-04-11,599.5781228377529
1313,410,2025-05-11,552.9306211790573
1314,410,2025-06-10,453.36960225550877
1315,410,2025-07-10,348.70432333997326
1316,411,2025-09-21,306.3247297497535
1317,411,2025-10-21,423.86447301910596
1318,411,2025-11-20,412.17367471765334
1319,411,2025-12-20,509.9886954409213
1320,412,2025-02-22,626.7651511187973
1321,412,2025-03-24,528.8728003009836
1322,412,2025-06-22,384.28833812867293
1323,412,2025-07-22,366.68716452221935
1324,413,2025-03-01,584.310533232324
1325,413,2025-03-31,616.2838577534985
1326,413,2025-04-30,441.99836673463153
1327,414,2025-04-18,384.3584183256143
1328,414,2025-08-16,686.7224204312315
1329,415,2025-01-05,624.3234330479464
1330,415,2025-03-06,542.0699631018479
1331,415,2025-07-04,442.20792231672897
1332,415,2025-08-03,588.114672081337
1333,416,2025-04-13,500.13256887344073
1334,416,2025-05-13,404.1221543813225
1335,416,2025-06-12,364.74913105592776
1336,417,2025-07-15,565.7763176150373
1337,417,2025-08-14,493.04677137577306
1338,417,2025-11-12,381.30066116942555
1339,417,2025-12-12,605.7814180820797
1340,418,2025-09-19,458.2569618010568
1341,418,2025-10-19,534.4053921563467
1342,418,2025-11-18,534.8341739246127
1343,419,2025-12-16,410.21699335743705
1344,420,2025-02-16,390.91034100272316
1345,420,2025-03-18,579.4301131977006
1346,420,2025-04-17,481.81080814866283
1347,420,2025-05-17,513.8190636784014
1348,420,2025-06-16,512.7092748842798
1349,420,2025-07-16,508.6970217575358
1350,420,2025-08-15,652.352531222904
1351,421,2025-12-21,363.3552373105937
1352,422,2025-11-07,523.2871307740251
1353,422,2025-12-07,572.0772084838217
1354,423,2025-11-04,527.8298979127832
1355,423,2025-12-04,469.50777876426724
1356,424,2025-05-24,522.2235636630523
1357,424,2025-06-23,507.77599199910804
1358,424,2025-08-22,500.59381694151494
1359,424,2025-09-21,585.8688511465626
1360,425,2025-09-26,425.0642310577222
1361,425,2025-10-26,477.8463402416262
1362,425,2025-11-25,382.3037887230032
1363,425,2025-12-25,682.0543907941816
1364,426,2025-05-04,423.0437618834876
1365,426,2025-06-03,554.7302674776973
1366,426,2025-07-03,636.4081937465018
1367,426,2025-08-02,362.1196695414774
1368,427,2025-04-16,472.24557436844486
1369,427,2025-06-15,629.1273839015879
1370,428,2025-06-07,506.78385139169376
1371,428,2025-07-07,298.0072667843864
1372,428,2025-08-06,644.194500580189
1373,428,2025-10-05,448.76257593233066
1374,428,2025-11-04,505.58639398444967
1375,428,2025-12-04,469.03502860119386
1376,429,2025-05-27,535.6252788706083
1377,429,2025-07-26,626.1519252535516
1378,429,2025-09-24,433.2810915222495
1379,430,2025-05-25,426.7031100876241
1380,430,2025-06-24,776.8892309627608
1381,430,2025-07-24,440.65273242636067
1382,430,2025-08-23,674.8575914058533
1383,430,2025-09-22,460.92680855918115
1384,431,2025-04-30,524.6083615316409
1385,431,2025-06-29,419.77199728604563
1386,431,2025-07-29,648.1960768436536
1387,431,2025-08-28,471.67819610547673
1388,432,2025-11-15,435.8333179869618
1389,432,2025-12-15,666.5351917623531
1390,433,2025-10-02,565.230615161023
1391,433,2025-11-01,336.8664889582927
1392,434,2025-04-02,382.5925868391025
1393,434,2025-05-02,421.1328068848637
1394,434,2025-10-29,589.7543570303794
1395,435,2025-02-27,613.021977183748
1396,435,2025-03-29,372.85888178259245
1397,435,2025-04-28,375.2707354969847
1398,436,2025-12-12,470.59015261943665
1399,437,2025-08-17,527.0836515833954
1400,437,2025-09-16,557.7363525106662
1401,437,2025-10-16,487.1340553647944
1402,437,2025-11-15,640.6934745891751
1403,438,2025-04-27,451.58815054151825
1404,438,2025-07-26,512.6412829433617
1405,438,2025-12-23,382.2388992188227
1406,439,2025-11-14,572.2826894985512
1407,439,2025-12-14,511.1799158203388
1408,440,2025-10-06,521.0600839297642
1409,440,2025-11-05,451.15239198896404
1410,440,2025-12-05,659.2669998282884
1411,441,2025-05-07,501.93440708117544
1412,441,2025-08-05,363.4978204573365
1413,441,2025-11-03,570.1494781924714
1414,442,2025-05-09,558.4683281917922
1415,442,2025-06-08,462.9774408133645
1416,442,2025-07-08,539.1776522346943
1417,442,2025-11-05,433.91392377731455
1418,442,2025-12-05,525.0692416022753
1419,443,2025-02-27,418.8025847706524
1420,443,2025-05-28,501.5182942540433
1421,443,2025-06-27,402.51934240771584
1422,443,2025-07-27,564.5587712174193
1423,444,2025-05-02,501.93812376980253
1424,444,2025-07-31,290.96971011468435
1425,444,2025-08-30,482.9741753204095
1426,444,2025-09-29,473.43954397138947
1427,444,2025-10-29,460.0121761331628
1428,445,2025-01-01,548.6184791561939
1429,445,2025-01-31,305.06282446775765
1430,445,2025-03-02,294.96425427158
1431,446,2025-08-27,573.9180494701568
1432,446,2025-09-26,494.3059541275207
1433,446,2025-11-25,466.3661646365487
1434,446,2025-12-25,432.4626761196712
1435,447,2025-10-17,615.5300411521692
1436,447,2025-11-16,632.0414009783834
1437,447,2025-12-16,412.5564351660082
1438,448,2025-04-06,493.73517778781786
1439,448,2025-05-06,524.124024840673
1440,448,2025-06-05,508.45051456928627
1441,449,2025-05-06,579.7994549612237
1442,449,2025-06-05,418.9511417626683
1443,449,2025-07-05,453.53405477954584
1444,449,2025-08-04,416.52796905501935
1445,449,2025-09-03,355.0849476887113
1446,450,2025-04-28,518.6859702232068
1447,450,2025-05-28,558.9118178772655
1448,450,2025-06-27,484.36368625634276
1449,451,2025-02-17,640.3535331954178
1450,451,2025-04-18,237.51829436258885
1451,452,2025-03-30,754.9009708717722
1452,452,2025-04-29,363.4859323143198
1453,452,2025-05-29,428.94699206737926
1454,452,2025-08-27,242.647575630186
1455,452,2025-09-26,469.2899794312173
1456,453,2025-08-25,504.46077244342894
1457,453,2025-09-24,625.707976848107
1458,453,2025-10-24,759.431018477411
1459,454,2025-09-29,613.7539013150634
1460,454,2025-10-29,468.4797073836521
1461,455,2025-07-08,476.1847064956142
1462,455,2025-09-06,599.3782214530439
1463,456,2025-07-11,637.3914385211449
1464,456,2025-08-10,430.66892544108316
1465,456,2025-09-09,525.4341509298521
1466,456,2025-10-09,398.69704883771624
1467,456,2025-11-08,331.27762500642984
1468,457,2025-03-10,620.893213970257
1469,457,2025-04-09,433.8507256071862
1470,458,2025-10-05,409.8504893105844
1471,458,2025-11-04,560.337317294732
1472,458,2025-12-04,418.8078340892007
1473,459,2025-12-15,472.5487700451076
1474,460,2025-09-04,509.7913737608642
1475,460,2025-10-04,410.0987444615699
1476,460,2025-11-03,586.5244950343942
1477,460,2025-12-03,580.9956813352508
1478,461,2025-03-17,500.31477269063265
1479,461,2025-04-16,622.9990368438683
1480,461,2025-05-16,598.2683142769941
1481,461,2025-06-15,359.9929276816991
1482,461,2025-07-15,558.7262413464176
1483,462,2025-06-03,479.4372146356752
1484,462,2025-07-03,426.02288360270325
1485,463,2025-05-24,366.53893930897675
1486,463,2025-06-23,487.66559359538894
1487,463,2025-07-23,530.9047443032654
1488,463,2025-08-22,434.43122805385565
1489,463,2025-09-21,476.42887551433313
1490,463,2025-10-21,406.0536758014017
1491,464,2025-03-27,611.9244917564096
1492,464,2025-04-26,556.4842358600123
1493,464,2025-05-26,663.5797806135815
1494,464,2025-06-25,477.89575364629496
1495,464,2025-07-25,506.93698026580694
1496,464,2025-08-24,519.2596918731305
1497,465,2025-07-04,739.2109635273993
1498,465,2025-09-02,571.1410579465495
1499,465,2025-11-01,811.2910201043841
1500,466,2025-10-12,573.2829081821745
1501,466,2025-11-11,372.5767880923205
1502,466,2025-12-11,604.8482651050592
1503,467,2025-08-08,548.7774821084338
1504,467,2025-12-06,444.4555207134998
1505,468,2025-03-10,502.1865742182223
1506,468,2025-04-09,550.8485556147374
1507,468,2025-05-09,481.1289871507414
1508,468,2025-06-08,523.2486618419367
1509,468,2025-07-08,590.1496533142732
1510,468,2025-08-07,453.0754162337344
1511,468,2025-09-06,502.98669232578254
1512,468,2025-10-06,474.2806955393569
1513,469,2025-02-16,338.65841473475143
1514,469,2025-03-18,477.83651134291955
1515,469,2025-04-17,528.5886967256793
1516,469,2025-05-17,467.42695447495527
1517,469,2025-06-16,574.0545365874436
1518,470,2025-04-04,430.7134876527988
1519,470,2025-06-03,494.5540860539435
1520,470,2025-07-03,456.27925530521145
1521,470,2025-08-02,337.42184019248157
1522,471,2025-08-26,533.4438514848522
1523,471,2025-09-25,647.8071898356444
1524,471,2025-10-25,400.64104844059636
1525,471,2025-11-24,513.5924567218348
1526,472,2025-07-23,426.45510796079566
1527,472,2025-09-21,497.33948949630184
1528,472,2025-10-21,620.459457936839
1529,473,2025-08-06,518.2538096882676
1530,473,2025-09-05,531.3111768573891
1531,473,2025-10-05,512.9831916288032
1532,473,2025-11-04,580.6365424657708
1533,473,2025-12-04,439.9488981814836
1534,474,2025-12-07,602.8768991423481
1535,475,2025-02-08,550.1685045168788
1536,475,2025-03-10,574.9013955074131
1537,475,2025-07-08,654.9340926771059
1538,475,2025-08-07,426.51962927896415
1539,475,2025-09-06,334.330748044041
1540,475,2025-10-06,467.48372675783753
1541,476,2025-04-10,406.2882954761267
1542,477,2025-10-16,558.8500786261195
1543,477,2025-11-15,566.6872345075791
1544,477,2025-12-15,466.29425139553746
1545,478,2025-09-11,513.791652091806
1546,478,2025-10-11,442.58993247164017
1547,478,2025-11-10,553.6413899891344
1548,478,2025-12-10,603.3881054924209
1549,479,2025-08-10,459.25398927083984
1550,479,2025-09-09,377.78239348489876
1551,479,2025-10-09,541.9710820358677
1552,479,2025-11-08,496.0763526301256
1553,480,2025-12-23,324.5211257877613
1554,481,2025-01-23,579.4600382945212
1555,481,2025-02-22,597.3622249427847
1556,481,2025-03-24,449.64303810922826
1557,482,2025-09-07,484.9385985370067
1558,482,2025-10-07,293.9556962590911
1559,482,2025-11-06,609.0966674519419
1560,482,2025-12-06,655.380050108768
1561,483,2025-01-10,300.4919533585267
1562,484,2025-09-03,599.1750345446555
1563,484,2025-10-03,517.9070531457195
1564,484,2025-11-02,525.4426457426721
1565,485,2025-11-21,437.8230647166799
1566,485,2025-12-21,315.3426952195583
1567,486,2025-04-10,457.13454730834667
1568,486,2025-05-10,510.7169915259596
1569,486,2025-06-09,392.1487258635403
1570,486,2025-07-09,482.4705470095987
1571,486,2025-08-08,539.9317601719131
1572,487,2025-10-17,503.07475830874984
1573,487,2025-12-16,267.05583488774244
1574,488,2025-06-29,560.0212965744278
1575,488,2025-07-29,595.7932055215684
1576,488,2025-09-27,680.7608507769263
1577,489,2025-08-11,550.6157655460712
1578,489,2025-09-10,517.9914369546417
1579,489,2025-10-10,583.7830535229481
1580,490,2025-09-07,440.0177976680151
1581,490,2025-10-07,344.12130049761583
1582,491,2025-05-27,561.1992631914488
1583,491,2025-06-26,327.43257466248974
1584,491,2025-07-26,302.5329105412892
1585,491,2025-08-25,425.09207833487176
1586,491,2025-09-24,546.1230493586658
1587,492,2025-04-06,528.8864947019687
1588,492,2025-05-06,366.4137595831387
1589,492,2025-07-05,572.4136559314497
1590,492,2025-08-04,629.0758424122428
1591,493,2025-09-14,758.7908973530684
1592,493,2025-10-14,422.4125176833516
1593,493,2025-11-13,507.8964045668084
1594,493,2025-12-13,435.89187334616446
1595,494,2025-11-21,565.9054343913419
1596,494,2025-12-21,431.3063582055749
1597,495,2025-01-04,639.2654888284051
1598,495,2025-02-03,472.75899833963126
1599,495,2025-03-05,623.3724278336193
1600,495,2025-04-04,419.4904818969491
1601,495,2025-05-04,518.8475761018103
1602,495,2025-06-03,434.33106543725864
1603,496,2025-01-16,473.96909587285626
1604,496,2025-02-15,448.224255277778
1605,496,2025-04-16,521.7802339748727
1606,496,2025-05-16,547.5588435928582
1607,496,2025-06-15,325.3104308654445
1608,496,2025-07-15,446.12391626539045
1609,497,2025-10-07,474.5053029596411
1610,498,2025-12-02,448.746588935345
1611,499,2025-09-04,419.84724098954587
1612,499,2025-12-03,329.80977699816646
1613,500,2025-09-15,443.8662003557794
1614,500,2025-10-15,561.3770855789909
1615,500,2025-12-14,537.5455857627253
